age_group,sex,count,plot_value
0-4,Male,752584,-752584
0-4,Female,711260,711260
5-9,Male,814698,-814698
5-9,Female,771361,771361
10-14,Male,816485,-816485
10-14,Female,771461,771461
15-19,Male,749511,-749511
15-19,Female,708462,708462
20-24,Male,806694,-806694
20-24,Female,772705,772705
25-29,Male,886768,-886768
25-29,Female,884621,884621
30-34,Male,904450,-904450
30-34,Female,948896,948896
35-39,Male,901508,-901508
35-39,Female,937239,937239
40-44,Male,814487,-814487
40-44,Female,834591,834591
45-49,Male,802661,-802661
45-49,Female,833343,833343
50-54,Male,787109,-787109
50-54,Female,823725,823725
55-59,Male,754145,-754145
55-59,Female,787822,787822
60-64,Male,711088,-711088
60-64,Female,756718,756718
65-69,Male,625882,-625882
65-69,Female,672476,672476
70-74,Male,561253,-561253
70-74,Female,599496,599496
75-79,Male,392621,-392621
75-79,Female,429296,429296
80-84,Male,252541,-252541
80-84,Female,302161,302161
85+,Male,209674,-209674
85+,Female,331149,331149
