household_size,household_type,count,published_size_total,width_share_of_households,share_within_size_components,size_rank,x0,x1,y0,y1,xmid
1,Family household,0,2370626,25.56,0.0,0,0.0,25.56,0.0,0.0,12.78
1,Non-family household,2370626,2370626,25.56,100.0,0,0.0,25.56,0.0,100.0,12.78
2,Family household,2855370,3109041,33.52,91.84,1,25.56,59.08,0.0,91.84,42.32
2,Non-family household,253706,3109041,33.52,8.16,1,25.56,59.08,91.84,100.0,42.32
3,Family household,1404993,1473772,15.89,95.35,2,59.08,74.97,0.0,95.35,67.025
3,Non-family household,68591,1473772,15.89,4.65,2,59.08,74.97,95.35,100.0,67.025
4,Family household,1404633,1430761,15.43,98.19,3,74.97,90.4,0.0,98.19,82.685
4,Non-family household,25833,1430761,15.43,1.81,3,74.97,90.4,98.19,100.0,82.685
5,Family household,579464,588375,6.34,98.57,4,90.4,96.74000000000001,0.0,98.57,93.57000000000001
5,Non-family household,8381,588375,6.34,1.43,4,90.4,96.74000000000001,98.57,100.0,93.57000000000001
6+,Family household,297818,302396,3.26,98.66,5,96.74000000000001,100.00000000000001,0.0,98.66,98.37
6+,Non-family household,4043,302396,3.26,1.34,5,96.74000000000001,100.00000000000001,98.66,100.0,98.37
